{
    "menus": [
        {
            "section": "External Pages",
            "icon": "<i class=\"icon-home\"><\/i>",
            "flag": "top-level",
            "items": [
                {
                    "name": "Dashboard",
                    "link": "\/",
                    "icon": "<i class=\"icon-home\"><\/i>"
                }
            ]
        },
        {
            "section": "Pages",
            "icon": "<i class=\"icon-docs\"><\/i>",
            "flag": "dropdown",
            "items": [
                {
                    "name": "About",
                    "link": "\/about",
                    "icon": "<i class=\"icon-note\"><\/i>"
                },
                {
                    "name": "Contact",
                    "link": "\/contact",
                    "icon": "<i class=\"icon-phone\"><\/i>"
                }
            ]
        },
        {
            "section": "Users & Roles",
            "icon": "<i class=\"icon-people\"><\/i>",
            "flag": "dropdown",
            "items": [
                {
                    "name": "Users",
                    "link": "\/users",
                    "icon": "<i class=\"icon-people\"><\/i>"
                },
                {
                    "name": "Roles",
                    "link": "\/roles",
                    "icon": "<i class=\"icon-key\"><\/i>"
                },
                {
                    "name": "Permissions",
                    "link": "\/permissions",
                    "icon": "<i class=\"icon-lock-open\"><\/i>"
                }
            ]
        },
        {
            "section": "Modules",
            "icon": "<i class=\"icon-puzzle\"><\/i>",
            "flag": "dropdown",
            "items": [
                {
                    "name": "Sample CRUD List",
                    "link": "\/samples",
                    "icon": "<i class=\"icon-puzzle\"><\/i>"
                }
            ]
        },
        {
            "section": "Tools",
            "icon": "<i class=\"icon-settings\"><\/i>",
            "flag": "dropdown",
            "items": [
                {
                    "name": "CRUD Generator",
                    "link": "\/crud",
                    "icon": "<i class=\"icon-grid\"><\/i>"
                }
            ]
        }
    ]
}